#SampleID	BarcodeSequence	LinkerPrimerSequence	ReversePrimer	year	month	day	projet	exptype	treatemnt	OldsampleID	Class	Taxa	Description
721	AAAATATC	GTGYCAGCMGCCGCGGTAA	CCGYCAATTYMTTTRAGTTT	2016	1	17	CST	na	na	TRS-MED11	na	na	TRS-MED11
722	AAAATATG	GTGYCAGCMGCCGCGGTAA	CCGYCAATTYMTTTRAGTTT	2016	1	17	CST	na	na	TRS-MED12	na	na	TRS-MED12
723	AAAATATT	GTGYCAGCMGCCGCGGTAA	CCGYCAATTYMTTTRAGTTT	2016	1	17	CST	na	na	TRS-MED13	na	na	TRS-MED13
724	AAAATCAA	GTGYCAGCMGCCGCGGTAA	CCGYCAATTYMTTTRAGTTT	2016	1	17	CST	na	na	TRS-MED14	na	na	TRS-MED14
725	AAAATCAC	GTGYCAGCMGCCGCGGTAA	CCGYCAATTYMTTTRAGTTT	2016	1	17	CST	na	na	TRS-MED15	na	na	TRS-MED15
726	AAAATCAG	GTGYCAGCMGCCGCGGTAA	CCGYCAATTYMTTTRAGTTT	2016	1	17	CST	na	na	TRS-MED16	na	na	TRS-MED16
727	AAAATCAT	GTGYCAGCMGCCGCGGTAA	CCGYCAATTYMTTTRAGTTT	2016	1	17	CST	na	na	TRS-MED17	na	na	TRS-MED17
728	AAAATCCA	GTGYCAGCMGCCGCGGTAA	CCGYCAATTYMTTTRAGTTT	2016	1	17	CST	na	na	TRS-MED18	na	na	TRS-MED18
730	AAAATCCC	GTGYCAGCMGCCGCGGTAA	CCGYCAATTYMTTTRAGTTT	2016	3	24	CST	na	na	TRS-MED22	na	na	TRS-MED22
731	AAAATCCG	GTGYCAGCMGCCGCGGTAA	CCGYCAATTYMTTTRAGTTT	2016	3	24	CST	na	na	TRS-MED23	na	na	TRS-MED23
732	AAAATCCT	GTGYCAGCMGCCGCGGTAA	CCGYCAATTYMTTTRAGTTT	2016	3	24	CST	na	na	TRS-MED24	na	na	TRS-MED24
733	AAAATCGA	GTGYCAGCMGCCGCGGTAA	CCGYCAATTYMTTTRAGTTT	2016	3	24	CST	na	na	TRS-MED25	na	na	TRS-MED25
734	AAAATCGC	GTGYCAGCMGCCGCGGTAA	CCGYCAATTYMTTTRAGTTT	2016	3	24	CST	na	na	TRS-MED26	na	na	TRS-MED26
735	AAAATCGG	GTGYCAGCMGCCGCGGTAA	CCGYCAATTYMTTTRAGTTT	2016	3	24	CST	na	na	TRS-MED27	na	na	TRS-MED27
736	AAAATCGT	GTGYCAGCMGCCGCGGTAA	CCGYCAATTYMTTTRAGTTT	2016	3	24	CST	na	na	TRS-MED28	na	na	TRS-MED28
737	AAAATCTA	GTGYCAGCMGCCGCGGTAA	CCGYCAATTYMTTTRAGTTT	2016	3	24	CST	na	na	TRS-MED31	na	na	TRS-MED31
738	AAAATCTC	GTGYCAGCMGCCGCGGTAA	CCGYCAATTYMTTTRAGTTT	2016	3	24	CST	na	na	TRS-MED32	na	na	TRS-MED32
739	AAAATCTG	GTGYCAGCMGCCGCGGTAA	CCGYCAATTYMTTTRAGTTT	2016	3	24	CST	na	na	TRS-MED33	na	na	TRS-MED33
740	AAAATCTT	GTGYCAGCMGCCGCGGTAA	CCGYCAATTYMTTTRAGTTT	2016	3	24	CST	na	na	TRS-MED34	na	na	TRS-MED34
741	AAAATGAA	GTGYCAGCMGCCGCGGTAA	CCGYCAATTYMTTTRAGTTT	2016	3	24	CST	na	na	TRS-MED35	na	na	TRS-MED35
742	AAAATGAC	GTGYCAGCMGCCGCGGTAA	CCGYCAATTYMTTTRAGTTT	2016	3	24	CST	na	na	TRS-MED36	na	na	TRS-MED36
743	AAAATGAG	GTGYCAGCMGCCGCGGTAA	CCGYCAATTYMTTTRAGTTT	2016	3	24	CST	na	na	TRS-MED37	na	na	TRS-MED37
744	AAAATGAT	GTGYCAGCMGCCGCGGTAA	CCGYCAATTYMTTTRAGTTT	2016	3	24	CST	na	na	TRS-MED38	na	na	TRS-MED38
745	AAAATGCA	GTGYCAGCMGCCGCGGTAA	CCGYCAATTYMTTTRAGTTT	2016	4	19	CST	na	na	TRS-MED41	na	na	TRS-MED41
746	AAAATGCC	GTGYCAGCMGCCGCGGTAA	CCGYCAATTYMTTTRAGTTT	2016	4	19	CST	na	na	TRS-MED42	na	na	TRS-MED42
747	AAAATGCG	GTGYCAGCMGCCGCGGTAA	CCGYCAATTYMTTTRAGTTT	2016	4	19	CST	na	na	TRS-MED43	na	na	TRS-MED43
748	AAAATGCT	GTGYCAGCMGCCGCGGTAA	CCGYCAATTYMTTTRAGTTT	2016	4	19	CST	na	na	TRS-MED44	na	na	TRS-MED44
749	AAAATGGA	GTGYCAGCMGCCGCGGTAA	CCGYCAATTYMTTTRAGTTT	2016	4	19	CST	na	na	TRS-MED45	na	na	TRS-MED45
750	AAAATGGC	GTGYCAGCMGCCGCGGTAA	CCGYCAATTYMTTTRAGTTT	2016	4	19	CST	na	na	TRS-MED46	na	na	TRS-MED46
751	AAAATGGG	GTGYCAGCMGCCGCGGTAA	CCGYCAATTYMTTTRAGTTT	2016	4	19	CST	na	na	TRS-MED47	na	na	TRS-MED47
752	AAAATGGT	GTGYCAGCMGCCGCGGTAA	CCGYCAATTYMTTTRAGTTT	2016	4	19	CST	na	na	TRS-MED48	na	na	TRS-MED48
753	AAAATGTA	GTGYCAGCMGCCGCGGTAA	CCGYCAATTYMTTTRAGTTT	2016	6	23	CST	na	na	T1-1	na	na	T1-1
754	AAAATGTC	GTGYCAGCMGCCGCGGTAA	CCGYCAATTYMTTTRAGTTT	2016	6	23	CST	na	na	T1-2	na	na	T1-2
755	AAAATGTG	GTGYCAGCMGCCGCGGTAA	CCGYCAATTYMTTTRAGTTT	2016	6	23	CST	na	na	T1-3	na	na	T1-3
756	AAAATGTT	GTGYCAGCMGCCGCGGTAA	CCGYCAATTYMTTTRAGTTT	2016	6	23	CST	na	na	T1-4	na	na	T1-4
757	AAAATTAA	GTGYCAGCMGCCGCGGTAA	CCGYCAATTYMTTTRAGTTT	2016	6	23	CST	na	na	T2-1	na	na	T2-1
758	AAAATTAC	GTGYCAGCMGCCGCGGTAA	CCGYCAATTYMTTTRAGTTT	2016	6	23	CST	na	na	T2-2	na	na	T2-2
759	AAAATTAG	GTGYCAGCMGCCGCGGTAA	CCGYCAATTYMTTTRAGTTT	2016	6	23	CST	na	na	T2-3	na	na	T2-3
760	AAAATTAT	GTGYCAGCMGCCGCGGTAA	CCGYCAATTYMTTTRAGTTT	2016	6	23	CST	na	na	T2-4	na	na	T2-4
761	AAAATTCA	GTGYCAGCMGCCGCGGTAA	CCGYCAATTYMTTTRAGTTT	2016	6	23	CST	na	na	T3-1	na	na	T3-1
762	AAAATTCC	GTGYCAGCMGCCGCGGTAA	CCGYCAATTYMTTTRAGTTT	2016	6	23	CST	na	na	T3-2	na	na	T3-2
763	AAAATTCG	GTGYCAGCMGCCGCGGTAA	CCGYCAATTYMTTTRAGTTT	2016	6	23	CST	na	na	T3-3	na	na	T3-3
764	AAAATTCT	GTGYCAGCMGCCGCGGTAA	CCGYCAATTYMTTTRAGTTT	2016	6	23	CST	na	na	T3-4	na	na	T3-4
765	AAAATTGA	GTGYCAGCMGCCGCGGTAA	CCGYCAATTYMTTTRAGTTT	2016	6	23	CST	na	na	M1-1	na	na	M1-1
766	AAAATTGC	GTGYCAGCMGCCGCGGTAA	CCGYCAATTYMTTTRAGTTT	2016	6	23	CST	na	na	M1-2	na	na	M1-2
767	AAAATTGG	GTGYCAGCMGCCGCGGTAA	CCGYCAATTYMTTTRAGTTT	2016	6	23	CST	na	na	M1-3	na	na	M1-3
768	AAAATTGT	GTGYCAGCMGCCGCGGTAA	CCGYCAATTYMTTTRAGTTT	2016	6	23	CST	na	na	M1-4	na	na	M1-4
769	AAAATTTA	GTGYCAGCMGCCGCGGTAA	CCGYCAATTYMTTTRAGTTT	2016	6	23	CST	na	na	M2-1	na	na	M2-1
770	AAAATTTC	GTGYCAGCMGCCGCGGTAA	CCGYCAATTYMTTTRAGTTT	2016	6	23	CST	na	na	M2-2	na	na	M2-2
771	AAAATTTG	GTGYCAGCMGCCGCGGTAA	CCGYCAATTYMTTTRAGTTT	2016	6	23	CST	na	na	M2-3	na	na	M2-3
772	AAAATTTT	GTGYCAGCMGCCGCGGTAA	CCGYCAATTYMTTTRAGTTT	2016	6	23	CST	na	na	M2-4	na	na	M2-4
773	AAACAAAA	GTGYCAGCMGCCGCGGTAA	CCGYCAATTYMTTTRAGTTT	2016	6	23	CST	na	na	M3-1	na	na	M3-1
774	AAACAAAC	GTGYCAGCMGCCGCGGTAA	CCGYCAATTYMTTTRAGTTT	2016	6	23	CST	na	na	M3-2	na	na	M3-2
775	AAACAAAG	GTGYCAGCMGCCGCGGTAA	CCGYCAATTYMTTTRAGTTT	2016	6	23	CST	na	na	M3-3	na	na	M3-3
776	AAACAAAT	GTGYCAGCMGCCGCGGTAA	CCGYCAATTYMTTTRAGTTT	2016	6	23	CST	na	na	M3-4	na	na	M3-4
777	AAACAACA	GTGYCAGCMGCCGCGGTAA	CCGYCAATTYMTTTRAGTTT	na	na	na	ININEXSA	INEX	In	104-In	Thaliacea	Salpamaxima	104-In
778	AAACAACC	GTGYCAGCMGCCGCGGTAA	CCGYCAATTYMTTTRAGTTT	na	na	na	ININEXSA	INEX	Ex	104-Ex	Thaliacea	Salpamaxima	104-Ex
779	AAACAACG	GTGYCAGCMGCCGCGGTAA	CCGYCAATTYMTTTRAGTTT	2016	4	12	ININEXSA	INEX	In	105-In	Thaliacea	Salpamaxima	105-In
780	AAACAACT	GTGYCAGCMGCCGCGGTAA	CCGYCAATTYMTTTRAGTTT	2016	4	12	ININEXSA	INEX	Ex	105-Ex	Thaliacea	Salpamaxima	105-Ex
781	AAACAAGA	GTGYCAGCMGCCGCGGTAA	CCGYCAATTYMTTTRAGTTT	2016	4	12	ININEXSA	INEX	Ex	106-Ex	Thaliacea	Salpamaxima	106-Ex
782	AAACAAGC	GTGYCAGCMGCCGCGGTAA	CCGYCAATTYMTTTRAGTTT	2016	4	12	ININEXSA	INEX	In	107-In	Thaliacea	Salpamaxima	107-In
783	AAACAAGG	GTGYCAGCMGCCGCGGTAA	CCGYCAATTYMTTTRAGTTT	2016	4	12	ININEXSA	INEX	Ex	107-Ex	Thaliacea	Salpamaxima	107-Ex
784	AAACAAGT	GTGYCAGCMGCCGCGGTAA	CCGYCAATTYMTTTRAGTTT	2016	4	12	ININEXSA	INEX	In	108-In	Thaliacea	Salpamaxima	108-In
785	AAACAATA	GTGYCAGCMGCCGCGGTAA	CCGYCAATTYMTTTRAGTTT	2016	4	12	ININEXSA	INEX	Ex	108-Ex	Thaliacea	Salpamaxima	108-Ex
786	AAACAATC	GTGYCAGCMGCCGCGGTAA	CCGYCAATTYMTTTRAGTTT	2016	4	12	ININEXSA	INEX	In	109-In	Thaliacea	Salpamaxima	109-In
787	AAACAATG	GTGYCAGCMGCCGCGGTAA	CCGYCAATTYMTTTRAGTTT	2016	4	12	ININEXSA	INEX	Ex	109-Ex	Thaliacea	Salpamaxima	109-Ex
788	AAACAATT	GTGYCAGCMGCCGCGGTAA	CCGYCAATTYMTTTRAGTTT	2016	4	12	ININEXSA	INEX	In	110-In	Thaliacea	Salpamaxima	110-In
789	AAACACAA	GTGYCAGCMGCCGCGGTAA	CCGYCAATTYMTTTRAGTTT	2016	4	12	ININEXSA	INEX	Ex	110-Ex	Thaliacea	Salpamaxima	110-Ex
790	AAACACAC	GTGYCAGCMGCCGCGGTAA	CCGYCAATTYMTTTRAGTTT	2016	4	13	ININEXSA	INEX	In	111-In	Thaliacea	Salpamaxima	111-In
791	AAACACAG	GTGYCAGCMGCCGCGGTAA	CCGYCAATTYMTTTRAGTTT	2016	4	13	ININEXSA	INEX	Ex	111-Ex	Thaliacea	Salpamaxima	111-Ex
792	AAACACAT	GTGYCAGCMGCCGCGGTAA	CCGYCAATTYMTTTRAGTTT	2016	4	13	ININEXSA	INEX	In	112-In	Thaliacea	Salpamaxima	112-In
793	AAACACCA	GTGYCAGCMGCCGCGGTAA	CCGYCAATTYMTTTRAGTTT	2016	4	13	ININEXSA	INEX	Ex	112-Ex	Thaliacea	Salpamaxima	112-Ex
794	AAACACCC	GTGYCAGCMGCCGCGGTAA	CCGYCAATTYMTTTRAGTTT	2016	4	13	ININEXSA	INEX	In	113-In	Thaliacea	Salpamaxima	113-In
795	AAACACCG	GTGYCAGCMGCCGCGGTAA	CCGYCAATTYMTTTRAGTTT	2016	4	13	ININEXSA	INEX	Ex	113-Ex	Thaliacea	Salpamaxima	113-Ex
796	AAACACCT	GTGYCAGCMGCCGCGGTAA	CCGYCAATTYMTTTRAGTTT	2016	4	13	ININEXSA	INEX	In	114-In	Thaliacea	Salpamaxima	114-In
797	AAACACGA	GTGYCAGCMGCCGCGGTAA	CCGYCAATTYMTTTRAGTTT	2016	4	13	ININEXSA	INEX	Ex	114-Ex	Thaliacea	Salpamaxima	114-Ex
798	AAACACGC	GTGYCAGCMGCCGCGGTAA	CCGYCAATTYMTTTRAGTTT	2016	4	13	ININEXSA	INEX	In	115-In	Thaliacea	Salpamaxima	115-In
799	AAACACGG	GTGYCAGCMGCCGCGGTAA	CCGYCAATTYMTTTRAGTTT	2016	4	13	ININEXSA	INEX	Ex	115-Ex	Thaliacea	Salpamaxima	115-Ex
800	AAACACGT	GTGYCAGCMGCCGCGGTAA	CCGYCAATTYMTTTRAGTTT	2016	4	13	ININEXSA	INEX	In	116-In	Thaliacea	Salpamaxima	116-In
801	AAACACTA	GTGYCAGCMGCCGCGGTAA	CCGYCAATTYMTTTRAGTTT	2016	4	13	ININEXSA	INEX	Ex	116-Ex	Thaliacea	Salpamaxima	116-Ex
802	AAACACTC	GTGYCAGCMGCCGCGGTAA	CCGYCAATTYMTTTRAGTTT	2016	4	13	ININEXSA	INEX	In	117-In	Thaliacea	Salpamaxima	117-In
803	AAACACTG	GTGYCAGCMGCCGCGGTAA	CCGYCAATTYMTTTRAGTTT	2016	4	13	ININEXSA	INEX	Ex	117-Ex	Thaliacea	Salpamaxima	117-Ex
804	AAACACTT	GTGYCAGCMGCCGCGGTAA	CCGYCAATTYMTTTRAGTTT	2016	4	13	ININEXSA	INEX	In	119-In	Thaliacea	Salpamaxima	119-In
805	AAACAGAA	GTGYCAGCMGCCGCGGTAA	CCGYCAATTYMTTTRAGTTT	2016	4	13	ININEXSA	INEX	Ex	119-Ex	Thaliacea	Salpamaxima	119-Ex
806	AAACAGAC	GTGYCAGCMGCCGCGGTAA	CCGYCAATTYMTTTRAGTTT	2016	4	14	ININEXSA	INEX	In	120-In	Thaliacea	Salpamaxima	120-In
807	AAACAGAG	GTGYCAGCMGCCGCGGTAA	CCGYCAATTYMTTTRAGTTT	2016	4	14	ININEXSA	INEX	Ex	120-Ex	Thaliacea	Salpamaxima	120-Ex
808	AAACAGAT	GTGYCAGCMGCCGCGGTAA	CCGYCAATTYMTTTRAGTTT	2016	4	14	ININEXSA	INEX	In	121-In	Thaliacea	Salpamaxima	121-In
809	AAACAGCA	GTGYCAGCMGCCGCGGTAA	CCGYCAATTYMTTTRAGTTT	2016	4	14	ININEXSA	INEX	Ex	121-Ex	Thaliacea	Salpamaxima	121-Ex
810	AAACAGCC	GTGYCAGCMGCCGCGGTAA	CCGYCAATTYMTTTRAGTTT	2016	4	14	ININEXSA	INEX	In	122-In	Thaliacea	Salpamaxima	122-In
811	AAACAGCG	GTGYCAGCMGCCGCGGTAA	CCGYCAATTYMTTTRAGTTT	2016	4	14	ININEXSA	INEX	Ex	122-Ex	Thaliacea	Salpamaxima	122-Ex
812	AAACAGCT	GTGYCAGCMGCCGCGGTAA	CCGYCAATTYMTTTRAGTTT	2016	4	14	ININEXSA	INEX	In	123-In	Thaliacea	Salpamaxima	123-In
813	AAACAGGA	GTGYCAGCMGCCGCGGTAA	CCGYCAATTYMTTTRAGTTT	2016	4	14	ININEXSA	INEX	Ex	123-Ex	Thaliacea	Salpamaxima	123-Ex
814	AAACAGGC	GTGYCAGCMGCCGCGGTAA	CCGYCAATTYMTTTRAGTTT	2016	4	15	ININEXSA	INEX	In	124-In	Thaliacea	Salpamaxima	124-In
815	AAACAGGG	GTGYCAGCMGCCGCGGTAA	CCGYCAATTYMTTTRAGTTT	2016	4	15	ININEXSA	INEX	Ex	124-Ex	Thaliacea	Salpamaxima	124-Ex
816	AAACAGGT	GTGYCAGCMGCCGCGGTAA	CCGYCAATTYMTTTRAGTTT	2016	4	15	ININEXSA	INEX	In	125-In	Thaliacea	Salpamaxima	125-In
817	AAACAGTA	GTGYCAGCMGCCGCGGTAA	CCGYCAATTYMTTTRAGTTT	2016	4	15	ININEXSA	INEX	Ex	125-Ex	Thaliacea	Salpamaxima	125-Ex
818	AAACAGTC	GTGYCAGCMGCCGCGGTAA	CCGYCAATTYMTTTRAGTTT	2016	4	15	ININEXSA	INEX	In	126-In	Thaliacea	Salpamaxima	126-In
819	AAACAGTG	GTGYCAGCMGCCGCGGTAA	CCGYCAATTYMTTTRAGTTT	2016	4	15	ININEXSA	INEX	Ex	126-Ex	Thaliacea	Salpamaxima	126-Ex
820	AAACAGTT	GTGYCAGCMGCCGCGGTAA	CCGYCAATTYMTTTRAGTTT	2016	4	15	ININEXSA	INEX	In	127-In	Thaliacea	Salpamaxima	127-In
821	AAACATAA	GTGYCAGCMGCCGCGGTAA	CCGYCAATTYMTTTRAGTTT	2016	4	15	ININEXSA	INEX	Ex	127-Ex	Thaliacea	Salpamaxima	127-Ex
822	AAACATAC	GTGYCAGCMGCCGCGGTAA	CCGYCAATTYMTTTRAGTTT	2016	4	15	ININEXSA	INEX	In	128-In	Thaliacea	Salpamaxima	128-In
823	AAACATAG	GTGYCAGCMGCCGCGGTAA	CCGYCAATTYMTTTRAGTTT	2016	4	15	ININEXSA	INEX	Ex	128-Ex	Thaliacea	Salpamaxima	128-Ex
824	AAACATAT	GTGYCAGCMGCCGCGGTAA	CCGYCAATTYMTTTRAGTTT	2016	4	15	ININEXSA	INEX	In	129-In	Thaliacea	Salpamaxima	129-In
825	AAACATCA	GTGYCAGCMGCCGCGGTAA	CCGYCAATTYMTTTRAGTTT	2016	4	15	ININEXSA	INEX	Ex	129-Ex	Thaliacea	Salpamaxima	129-Ex
826	AAACATCC	GTGYCAGCMGCCGCGGTAA	CCGYCAATTYMTTTRAGTTT	na	na	na	ININCUSA	ININCU	T0	199-T0	Thaliacea	Salpafusiformis	199-T0
827	AAACATCG	GTGYCAGCMGCCGCGGTAA	CCGYCAATTYMTTTRAGTTT	na	na	na	ININCUSA	ININCU	T1	199-T1	Thaliacea	Salpafusiformis	199-T1
828	AAACATCT	GTGYCAGCMGCCGCGGTAA	CCGYCAATTYMTTTRAGTTT	na	na	na	ININCUSA	ININCU	T2	199-T2	Thaliacea	Salpafusiformis	199-T2
829	AAACATGA	GTGYCAGCMGCCGCGGTAA	CCGYCAATTYMTTTRAGTTT	2016	4	12	ININCUSA	ININCU	T0	200-T0	Thaliacea	Salpafusiformis	200-T0
830	AAACATGC	GTGYCAGCMGCCGCGGTAA	CCGYCAATTYMTTTRAGTTT	2016	4	12	ININCUSA	ININCU	T1	200-T1	Thaliacea	Salpafusiformis	200-T1
831	AAACATGG	GTGYCAGCMGCCGCGGTAA	CCGYCAATTYMTTTRAGTTT	2016	4	12	ININCUSA	ININCU	T2	200-T2	Thaliacea	Salpafusiformis	200-T2
832	AAACATGT	GTGYCAGCMGCCGCGGTAA	CCGYCAATTYMTTTRAGTTT	2016	4	12	ININCUSA	ININCU	T0	201-T0	Thaliacea	Salpafusiformis	201-T0
833	AAACATTA	GTGYCAGCMGCCGCGGTAA	CCGYCAATTYMTTTRAGTTT	2016	4	12	ININCUSA	ININCU	T1	201-T1	Thaliacea	Salpafusiformis	201-T1
834	AAACATTC	GTGYCAGCMGCCGCGGTAA	CCGYCAATTYMTTTRAGTTT	2016	4	12	ININCUSA	ININCU	T2	201-T2	Thaliacea	Salpafusiformis	201-T2
835	AAACATTG	GTGYCAGCMGCCGCGGTAA	CCGYCAATTYMTTTRAGTTT	2016	4	12	ININCUSA	ININCU	T0	202-T0	Thaliacea	Salpafusiformis	202-T0
836	AAACATTT	GTGYCAGCMGCCGCGGTAA	CCGYCAATTYMTTTRAGTTT	2016	4	12	ININCUSA	ININCU	T1	202-T1	Thaliacea	Salpafusiformis	202-T1
837	AAACCAAA	GTGYCAGCMGCCGCGGTAA	CCGYCAATTYMTTTRAGTTT	2016	4	12	ININCUSA	ININCU	T0	203-T0	Thaliacea	Salpafusiformis	203-T0
838	AAACCAAC	GTGYCAGCMGCCGCGGTAA	CCGYCAATTYMTTTRAGTTT	2016	4	12	ININCUSA	ININCU	T1	203-T1	Thaliacea	Salpafusiformis	203-T1
839	AAACCAAG	GTGYCAGCMGCCGCGGTAA	CCGYCAATTYMTTTRAGTTT	2016	4	13	ININCUSA	ININCU	T0	204-T0	Thaliacea	Salpafusiformis	204-T0
840	AAACCAAT	GTGYCAGCMGCCGCGGTAA	CCGYCAATTYMTTTRAGTTT	2016	4	13	ININCUSA	ININCU	T1	204-T1	Thaliacea	Salpafusiformis	204-T1
841	AAACCACA	GTGYCAGCMGCCGCGGTAA	CCGYCAATTYMTTTRAGTTT	2016	4	13	ININCUSA	ININCU	T2	204-T2	Thaliacea	Salpafusiformis	204-T2
842	AAACCACC	GTGYCAGCMGCCGCGGTAA	CCGYCAATTYMTTTRAGTTT	2016	4	13	ININCUSA	ININCU	T0	205-T0	Thaliacea	Salpafusiformis	205-T0
843	AAACCACG	GTGYCAGCMGCCGCGGTAA	CCGYCAATTYMTTTRAGTTT	2016	4	13	ININCUSA	ININCU	T1	205-T1	Thaliacea	Salpafusiformis	205-T1
844	AAACCACT	GTGYCAGCMGCCGCGGTAA	CCGYCAATTYMTTTRAGTTT	2016	4	13	ININCUSA	ININCU	T2	205-T2	Thaliacea	Salpafusiformis	205-T2
845	AAACCAGA	GTGYCAGCMGCCGCGGTAA	CCGYCAATTYMTTTRAGTTT	2016	4	13	ININCUSA	ININCU	T0	206-T0	Thaliacea	Salpafusiformis	206-T0
846	AAACCAGC	GTGYCAGCMGCCGCGGTAA	CCGYCAATTYMTTTRAGTTT	2016	4	13	ININCUSA	ININCU	T1	206-T1	Thaliacea	Salpafusiformis	206-T1
847	AAACCAGG	GTGYCAGCMGCCGCGGTAA	CCGYCAATTYMTTTRAGTTT	2016	4	13	ININCUSA	ININCU	T2	206-T2	Thaliacea	Salpafusiformis	206-T2
848	AAACCAGT	GTGYCAGCMGCCGCGGTAA	CCGYCAATTYMTTTRAGTTT	2016	4	13	ININCUSA	ININCU	T0	207-T0	Thaliacea	Salpafusiformis	207-T0
849	AAACCATA	GTGYCAGCMGCCGCGGTAA	CCGYCAATTYMTTTRAGTTT	2016	4	13	ININCUSA	ININCU	T1	207-T1	Thaliacea	Salpafusiformis	207-T1
850	AAACCATC	GTGYCAGCMGCCGCGGTAA	CCGYCAATTYMTTTRAGTTT	2016	4	13	ININCUSA	ININCU	T2	207-T2	Thaliacea	Salpafusiformis	207-T2
851	AAACCATG	GTGYCAGCMGCCGCGGTAA	CCGYCAATTYMTTTRAGTTT	2016	4	13	ININCUSA	ININCU	T0	208-T0	Thaliacea	Salpafusiformis	208-T0
852	AAACCATT	GTGYCAGCMGCCGCGGTAA	CCGYCAATTYMTTTRAGTTT	2016	4	13	ININCUSA	ININCU	T1	208-T1	Thaliacea	Salpafusiformis	208-T1
853	AAACCCAA	GTGYCAGCMGCCGCGGTAA	CCGYCAATTYMTTTRAGTTT	2016	4	13	ININCUSA	ININCU	T2	208-T2	Thaliacea	Salpafusiformis	208-T2
854	AAACCCAC	GTGYCAGCMGCCGCGGTAA	CCGYCAATTYMTTTRAGTTT	2016	4	13	ININCUSA	ININCU	T0	209-T0	Thaliacea	Salpafusiformis	209-T0
855	AAACCCAG	GTGYCAGCMGCCGCGGTAA	CCGYCAATTYMTTTRAGTTT	2016	4	13	ININCUSA	ININCU	T1	209-T1	Thaliacea	Salpafusiformis	209-T1
856	AAACCCAT	GTGYCAGCMGCCGCGGTAA	CCGYCAATTYMTTTRAGTTT	2016	4	13	ININCUSA	ININCU	T2	209-T2	Thaliacea	Salpafusiformis	209-T2
857	AAACCCCA	GTGYCAGCMGCCGCGGTAA	CCGYCAATTYMTTTRAGTTT	2016	4	13	ININCUSA	ININCU	T0	210-T0	Thaliacea	Doliolidsp.	210-T0
858	AAACCCCC	GTGYCAGCMGCCGCGGTAA	CCGYCAATTYMTTTRAGTTT	2016	4	13	ININCUSA	ININCU	T1	210-T1	Thaliacea	Doliolidsp.	210-T1
859	AAACCCCG	GTGYCAGCMGCCGCGGTAA	CCGYCAATTYMTTTRAGTTT	2016	4	13	ININCUSA	ININCU	T2	210-T2	Thaliacea	Doliolidsp.	210-T2
860	AAACCCCT	GTGYCAGCMGCCGCGGTAA	CCGYCAATTYMTTTRAGTTT	2016	4	13	ININCUSA	ININCU	T0	211-T0	Thaliacea	Salpafusiformis	211-T0
861	AAACCCGA	GTGYCAGCMGCCGCGGTAA	CCGYCAATTYMTTTRAGTTT	2016	4	13	ININCUSA	ININCU	T1	211-T1	Thaliacea	Salpafusiformis	211-T1
862	AAACCCGC	GTGYCAGCMGCCGCGGTAA	CCGYCAATTYMTTTRAGTTT	2016	4	13	ININCUSA	ININCU	T2	211-T2	Thaliacea	Salpafusiformis	211-T2
863	AAACCCGG	GTGYCAGCMGCCGCGGTAA	CCGYCAATTYMTTTRAGTTT	2016	4	13	ININCUSA	ININCU	T0	212-T0	Thaliacea	Salpafusiformis	212-T0
864	AAACCCGT	GTGYCAGCMGCCGCGGTAA	CCGYCAATTYMTTTRAGTTT	2016	4	13	ININCUSA	ININCU	T1	212-T1	Thaliacea	Salpafusiformis	212-T1
865	AAACCCTA	GTGYCAGCMGCCGCGGTAA	CCGYCAATTYMTTTRAGTTT	2016	4	13	ININCUSA	ININCU	T2	212-T2	Thaliacea	Salpafusiformis	212-T2
866	AAACCCTC	GTGYCAGCMGCCGCGGTAA	CCGYCAATTYMTTTRAGTTT	2016	4	13	ININCUSA	ININCU	T0	213-T0	Thaliacea	Salpafusiformis	213-T0
867	AAACCCTG	GTGYCAGCMGCCGCGGTAA	CCGYCAATTYMTTTRAGTTT	2016	4	13	ININCUSA	ININCU	T1	213-T1	Thaliacea	Salpafusiformis	213-T1
868	AAACCCTT	GTGYCAGCMGCCGCGGTAA	CCGYCAATTYMTTTRAGTTT	2016	4	13	ININCUSA	ININCU	T2	213-T2	Thaliacea	Salpafusiformis	213-T2
869	AAACCGAA	GTGYCAGCMGCCGCGGTAA	CCGYCAATTYMTTTRAGTTT	2016	4	14	ININCUSA	ININCU	T0	214-T0	Thaliacea	Salpafusiformis	214-T0
870	AAACCGAC	GTGYCAGCMGCCGCGGTAA	CCGYCAATTYMTTTRAGTTT	2016	4	14	ININCUSA	ININCU	T1	214-T1	Thaliacea	Salpafusiformis	214-T1
871	AAACCGAG	GTGYCAGCMGCCGCGGTAA	CCGYCAATTYMTTTRAGTTT	2016	4	14	ININCUSA	ININCU	T2	214-T2	Thaliacea	Salpafusiformis	214-T2
872	AAACCGAT	GTGYCAGCMGCCGCGGTAA	CCGYCAATTYMTTTRAGTTT	2016	4	14	ININCUSA	ININCU	T0	215-T0	Thaliacea	Salpafusiformis	215-T0
873	AAACCGCA	GTGYCAGCMGCCGCGGTAA	CCGYCAATTYMTTTRAGTTT	2016	4	14	ININCUSA	ININCU	T1	215-T1	Thaliacea	Salpafusiformis	215-T1
874	AAACCGCC	GTGYCAGCMGCCGCGGTAA	CCGYCAATTYMTTTRAGTTT	2016	4	14	ININCUSA	ININCU	T2	215-T2	Thaliacea	Salpafusiformis	215-T2
875	AAACCGCG	GTGYCAGCMGCCGCGGTAA	CCGYCAATTYMTTTRAGTTT	2016	4	14	ININCUSA	ININCU	T0	216-T0	Thaliacea	Salpafusiformis	216-T0
876	AAACCGCT	GTGYCAGCMGCCGCGGTAA	CCGYCAATTYMTTTRAGTTT	2016	4	14	ININCUSA	ININCU	T1	216-T1	Thaliacea	Salpafusiformis	216-T1
877	AAACCGGA	GTGYCAGCMGCCGCGGTAA	CCGYCAATTYMTTTRAGTTT	2016	4	14	ININCUSA	ININCU	T2	216-T2	Thaliacea	Salpafusiformis	216-T2
878	AAACCGGC	GTGYCAGCMGCCGCGGTAA	CCGYCAATTYMTTTRAGTTT	2016	4	14	ININCUSA	ININCU	T0	217-T0	Thaliacea	Salpafusiformis	217-T0
879	AAACCGGG	GTGYCAGCMGCCGCGGTAA	CCGYCAATTYMTTTRAGTTT	2016	4	14	ININCUSA	ININCU	T1	217-T1	Thaliacea	Salpafusiformis	217-T1
880	AAACCGGT	GTGYCAGCMGCCGCGGTAA	CCGYCAATTYMTTTRAGTTT	2016	4	14	ININCUSA	ININCU	T2	217-T2	Thaliacea	Salpafusiformis	217-T2
881	AAACCGTA	GTGYCAGCMGCCGCGGTAA	CCGYCAATTYMTTTRAGTTT	2016	4	14	ININCUSA	ININCU	T0	218-T0	Thaliacea	Salpafusiformis	218-T0
882	AAACCGTC	GTGYCAGCMGCCGCGGTAA	CCGYCAATTYMTTTRAGTTT	2016	4	14	ININCUSA	ININCU	T1	218-T1	Thaliacea	Salpafusiformis	218-T1
883	AAACCGTG	GTGYCAGCMGCCGCGGTAA	CCGYCAATTYMTTTRAGTTT	2016	4	14	ININCUSA	ININCU	T2	218-T2	Thaliacea	Salpafusiformis	218-T2
884	AAACCGTT	GTGYCAGCMGCCGCGGTAA	CCGYCAATTYMTTTRAGTTT	2016	4	14	ININCUSA	ININCU	T0	219-T0	Thaliacea	Salpafusiformis	219-T0
885	AAACCTAA	GTGYCAGCMGCCGCGGTAA	CCGYCAATTYMTTTRAGTTT	2016	4	14	ININCUSA	ININCU	T1	219-T1	Thaliacea	Salpafusiformis	219-T1
886	AAACCTAC	GTGYCAGCMGCCGCGGTAA	CCGYCAATTYMTTTRAGTTT	2016	4	14	ININCUSA	ININCU	T2	219-T2	Thaliacea	Salpafusiformis	219-T2
887	AAACCTAG	GTGYCAGCMGCCGCGGTAA	CCGYCAATTYMTTTRAGTTT	2016	4	14	ININCUSA	ININCU	T0	220-T0	Thaliacea	Salpafusiformis	220-T0
888	AAACCTAT	GTGYCAGCMGCCGCGGTAA	CCGYCAATTYMTTTRAGTTT	2016	4	14	ININCUSA	ININCU	T1	220-T1	Thaliacea	Salpafusiformis	220-T1
889	AAACCTCA	GTGYCAGCMGCCGCGGTAA	CCGYCAATTYMTTTRAGTTT	2016	4	14	ININCUSA	ININCU	T2	220-T2	Thaliacea	Salpafusiformis	220-T2
890	AAACCTCC	GTGYCAGCMGCCGCGGTAA	CCGYCAATTYMTTTRAGTTT	2016	4	14	ININCUSA	ININCU	T0	221-T0	Thaliacea	Salpafusiformis	221-T0
891	AAACCTCG	GTGYCAGCMGCCGCGGTAA	CCGYCAATTYMTTTRAGTTT	2016	4	14	ININCUSA	ININCU	T1	221-T1	Thaliacea	Salpafusiformis	221-T1
892	AAACCTCT	GTGYCAGCMGCCGCGGTAA	CCGYCAATTYMTTTRAGTTT	2016	4	14	ININCUSA	ININCU	T2	221-T2	Thaliacea	Salpafusiformis	221-T2
893	AAACCTGA	GTGYCAGCMGCCGCGGTAA	CCGYCAATTYMTTTRAGTTT	2016	4	14	ININCUSA	ININCU	T0	222-T0	Thaliacea	Salpafusiformis	222-T0
894	AAACCTGC	GTGYCAGCMGCCGCGGTAA	CCGYCAATTYMTTTRAGTTT	2016	4	14	ININCUSA	ININCU	T1	222-T1	Thaliacea	Salpafusiformis	222-T1
895	AAACCTGG	GTGYCAGCMGCCGCGGTAA	CCGYCAATTYMTTTRAGTTT	2016	4	14	ININCUSA	ININCU	T2	222-T2	Thaliacea	Salpafusiformis	222-T2
896	AAACCTGT	GTGYCAGCMGCCGCGGTAA	CCGYCAATTYMTTTRAGTTT	2016	4	14	ININCUSA	ININCU	T0	223-T0	Thaliacea	Salpafusiformis	223-T0
897	AAACCTTA	GTGYCAGCMGCCGCGGTAA	CCGYCAATTYMTTTRAGTTT	2016	4	14	ININCUSA	ININCU	T1	223-T1	Thaliacea	Salpafusiformis	223-T1
898	AAACCTTC	GTGYCAGCMGCCGCGGTAA	CCGYCAATTYMTTTRAGTTT	2016	4	14	ININCUSA	ININCU	T2	223-T2	Thaliacea	Salpafusiformis	223-T2
899	AAACCTTG	GTGYCAGCMGCCGCGGTAA	CCGYCAATTYMTTTRAGTTT	2016	4	15	ININCUSA	ININCU	T0	224-T0	Thaliacea	Salpafusiformis	224-T0
900	AAACCTTT	GTGYCAGCMGCCGCGGTAA	CCGYCAATTYMTTTRAGTTT	2016	4	15	ININCUSA	ININCU	T1	224-T1	Thaliacea	Salpafusiformis	224-T1
901	AAACGAAA	GTGYCAGCMGCCGCGGTAA	CCGYCAATTYMTTTRAGTTT	2016	4	15	ININCUSA	ININCU	T2	224-T2	Thaliacea	Salpafusiformis	224-T2
902	AAACGAAC	GTGYCAGCMGCCGCGGTAA	CCGYCAATTYMTTTRAGTTT	2016	4	15	ININCUSA	ININCU	T0	225-T0	Thaliacea	Salpafusiformis	225-T0
903	AAACGAAG	GTGYCAGCMGCCGCGGTAA	CCGYCAATTYMTTTRAGTTT	2016	4	15	ININCUSA	ININCU	T1	225-T1	Thaliacea	Salpafusiformis	225-T1
904	AAACGAAT	GTGYCAGCMGCCGCGGTAA	CCGYCAATTYMTTTRAGTTT	2016	4	15	ININCUSA	ININCU	T0	226-T0	Thaliacea	Salpafusiformis	226-T0
905	AAACGACA	GTGYCAGCMGCCGCGGTAA	CCGYCAATTYMTTTRAGTTT	2016	4	15	ININCUSA	ININCU	T1	226-T1	Thaliacea	Salpafusiformis	226-T1
906	AAACGACC	GTGYCAGCMGCCGCGGTAA	CCGYCAATTYMTTTRAGTTT	2016	4	15	ININCUSA	ININCU	T2	226-T2	Thaliacea	Salpafusiformis	226-T2
907	AAACGACG	GTGYCAGCMGCCGCGGTAA	CCGYCAATTYMTTTRAGTTT	2016	4	15	ININCUSA	ININCU	T0	227-T0	Thaliacea	Salpafusiformis	227-T0
908	AAACGACT	GTGYCAGCMGCCGCGGTAA	CCGYCAATTYMTTTRAGTTT	2016	4	15	ININCUSA	ININCU	T1	227-T1	Thaliacea	Salpafusiformis	227-T1
909	AAACGAGA	GTGYCAGCMGCCGCGGTAA	CCGYCAATTYMTTTRAGTTT	2016	4	15	ININCUSA	ININCU	T2	227-T2	Thaliacea	Salpafusiformis	227-T2
910	AAACGAGC	GTGYCAGCMGCCGCGGTAA	CCGYCAATTYMTTTRAGTTT	2016	4	15	ININCUSA	ININCU	T0	228-T0	Thaliacea	Salpafusiformis	228-T0
911	AAACGAGG	GTGYCAGCMGCCGCGGTAA	CCGYCAATTYMTTTRAGTTT	2016	4	15	ININCUSA	ININCU	T1	228-T1	Thaliacea	Salpafusiformis	228-T1
912	AAACGAGT	GTGYCAGCMGCCGCGGTAA	CCGYCAATTYMTTTRAGTTT	2015	9	17	RECO	na	na	9_17_15	na	na	9_17_15
913	AAACGATA	GTGYCAGCMGCCGCGGTAA	CCGYCAATTYMTTTRAGTTT	2015	9	30	RECO	na	na	9_30_15	na	na	9_30_15
914	AAACGATC	GTGYCAGCMGCCGCGGTAA	CCGYCAATTYMTTTRAGTTT	2015	10	19	RECO	na	na	10_19_15	na	na	10_19_15
915	AAACGATG	GTGYCAGCMGCCGCGGTAA	CCGYCAATTYMTTTRAGTTT	2015	10	27	RECO	na	na	10_27_15	na	na	10_27_15
916	AAACGATT	GTGYCAGCMGCCGCGGTAA	CCGYCAATTYMTTTRAGTTT	2015	11	1	RECO	na	na	11_1_15	na	na	11_1_15
917	AAACGCAA	GTGYCAGCMGCCGCGGTAA	CCGYCAATTYMTTTRAGTTT	2015	11	8	RECO	na	na	11_8_15	na	na	11_8_15
918	AAACGCAC	GTGYCAGCMGCCGCGGTAA	CCGYCAATTYMTTTRAGTTT	2015	11	15	RECO	na	na	11_15_15	na	na	11_15_15
919	AAACGCAG	GTGYCAGCMGCCGCGGTAA	CCGYCAATTYMTTTRAGTTT	2015	11	24	RECO	na	na	11_24_15	na	na	11_24_15
920	AAACGCAT	GTGYCAGCMGCCGCGGTAA	CCGYCAATTYMTTTRAGTTT	2015	12	11	RECO	na	na	12_11_15	na	na	12_11_15
921	AAACGCCA	GTGYCAGCMGCCGCGGTAA	CCGYCAATTYMTTTRAGTTT	2015	12	20	RECO	na	na	12_20_15	na	na	12_20_15
922	AAACGCCC	GTGYCAGCMGCCGCGGTAA	CCGYCAATTYMTTTRAGTTT	2015	12	27	RECO	na	na	12_27_15	na	na	12_27_15
923	AAACGCCG	GTGYCAGCMGCCGCGGTAA	CCGYCAATTYMTTTRAGTTT	2016	1	7	RECO	na	na	1_7_16	na	na	1_7_16
924	AAACGCCT	GTGYCAGCMGCCGCGGTAA	CCGYCAATTYMTTTRAGTTT	2016	1	13	RECO	na	na	1_13_16	na	na	1_13_16
925	AAACGCGA	GTGYCAGCMGCCGCGGTAA	CCGYCAATTYMTTTRAGTTT	2016	1	28	RECO	na	na	1_28_16	na	na	1_28_16
926	AAACGCGC	GTGYCAGCMGCCGCGGTAA	CCGYCAATTYMTTTRAGTTT	2016	2	11	RECO	na	na	2_11_16	na	na	2_11_16
927	AAACGCGG	GTGYCAGCMGCCGCGGTAA	CCGYCAATTYMTTTRAGTTT	2016	2	17	RECO	na	na	2_17_16	na	na	2_17_16
928	AAACGCGT	GTGYCAGCMGCCGCGGTAA	CCGYCAATTYMTTTRAGTTT	2016	2	28	RECO	na	na	2_28_16	na	na	2_28_16
929	AAACGCTA	GTGYCAGCMGCCGCGGTAA	CCGYCAATTYMTTTRAGTTT	2016	3	8	RECO	na	na	3_8_16	na	na	3_8_16
930	AAACGCTC	GTGYCAGCMGCCGCGGTAA	CCGYCAATTYMTTTRAGTTT	2016	3	13	RECO	na	na	3_13_16	na	na	3_13_16
931	AAACGCTG	GTGYCAGCMGCCGCGGTAA	CCGYCAATTYMTTTRAGTTT	2016	4	3	RECO	na	na	4_3_16	na	na	4_3_16
932	AAACGCTT	GTGYCAGCMGCCGCGGTAA	CCGYCAATTYMTTTRAGTTT	2016	4	18	RECO	na	na	4_18_16	na	na	4_18_16
933	AAACGGAA	GTGYCAGCMGCCGCGGTAA	CCGYCAATTYMTTTRAGTTT	2016	5	8	RECO	na	na	5_8_16	na	na	5_8_16
934	AAACGGAC	GTGYCAGCMGCCGCGGTAA	CCGYCAATTYMTTTRAGTTT	2016	5	15	RECO	na	na	5_15_16	na	na	5_15_16
935	AAACGGAG	GTGYCAGCMGCCGCGGTAA	CCGYCAATTYMTTTRAGTTT	2016	6	7	RECO	na	na	6_7_16	na	na	6_7_16
936	AAACGGAT	GTGYCAGCMGCCGCGGTAA	CCGYCAATTYMTTTRAGTTT	2016	6	21	RECO	na	na	6_21_16	na	na	6_21_16
937	AAACGGCA	GTGYCAGCMGCCGCGGTAA	CCGYCAATTYMTTTRAGTTT	2016	7	14	RECO	na	na	7_14_16	na	na	7_14_16
938	AAACGGCC	GTGYCAGCMGCCGCGGTAA	CCGYCAATTYMTTTRAGTTT	2016	7	27	RECO	na	na	7_27_16	na	na	7_27_16
939	AAACGGCG	GTGYCAGCMGCCGCGGTAA	CCGYCAATTYMTTTRAGTTT	2016	8	10	RECO	na	na	8_10_16	na	na	8_10_16
940	AAACGGCT	GTGYCAGCMGCCGCGGTAA	CCGYCAATTYMTTTRAGTTT	2016	8	23	RECO	na	na	8_23_16	na	na	8_23_16
941	AAACGGGA	GTGYCAGCMGCCGCGGTAA	CCGYCAATTYMTTTRAGTTT	na	na	na	HICDMED	HIC	B4	MED-D1	na	na	MED-D1
942	AAACGGGC	GTGYCAGCMGCCGCGGTAA	CCGYCAATTYMTTTRAGTTT	na	na	na	HICDMED	HIC	B5	MED-D2	na	na	MED-D2
943	AAACGGGG	GTGYCAGCMGCCGCGGTAA	CCGYCAATTYMTTTRAGTTT	na	na	na	HICDMED	HIC	B6	MED-D3	na	na	MED-D3
944	AAACGGGT	GTGYCAGCMGCCGCGGTAA	CCGYCAATTYMTTTRAGTTT	na	na	na	HICDMED	HIC	B7	MED-D4	na	na	MED-D4
945	AAACGGTA	GTGYCAGCMGCCGCGGTAA	CCGYCAATTYMTTTRAGTTT	na	na	na	HICDMED	HIC	B8	MED-D5	na	na	MED-D5
946	AAACGGTC	GTGYCAGCMGCCGCGGTAA	CCGYCAATTYMTTTRAGTTT	na	na	na	HICDMED	HIC	B9	MED-D6	na	na	MED-D6
947	AAACGGTG	GTGYCAGCMGCCGCGGTAA	CCGYCAATTYMTTTRAGTTT	na	na	na	HICDMED	HIC	B10	MED-D7	na	na	MED-D7
948	AAACGGTT	GTGYCAGCMGCCGCGGTAA	CCGYCAATTYMTTTRAGTTT	na	na	na	HICDMED	HIC	B11	MED-D8	na	na	MED-D8
949	AAACGTAA	GTGYCAGCMGCCGCGGTAA	CCGYCAATTYMTTTRAGTTT	na	na	na	HICDMED	HIC	B12	MED-D9	na	na	MED-D9
950	AAACGTAC	GTGYCAGCMGCCGCGGTAA	CCGYCAATTYMTTTRAGTTT	na	na	na	HICDMED	HIC	B13	MED-D10	na	na	MED-D10
951	AAACGTAG	GTGYCAGCMGCCGCGGTAA	CCGYCAATTYMTTTRAGTTT	na	na	na	HICDMED	HIC	C18	MED-D1-C18	na	na	MED-D1-C18
952	AAACGTAT	GTGYCAGCMGCCGCGGTAA	CCGYCAATTYMTTTRAGTTT	na	na	na	HICDMED	HIC	C19	MED-D2-C18	na	na	MED-D2-C18
953	AAACGTCA	GTGYCAGCMGCCGCGGTAA	CCGYCAATTYMTTTRAGTTT	na	na	na	HICDMED	HIC	C20	MED-D3-C18	na	na	MED-D3-C18
954	AAACGTCC	GTGYCAGCMGCCGCGGTAA	CCGYCAATTYMTTTRAGTTT	na	na	na	HICDMED	HIC	C21	MED-D4-C18	na	na	MED-D4-C18
955	AAACGTCG	GTGYCAGCMGCCGCGGTAA	CCGYCAATTYMTTTRAGTTT	na	na	na	HICDMED	HIC	C22	MED-D5-C18	na	na	MED-D5-C18
956	AAACGTCT	GTGYCAGCMGCCGCGGTAA	CCGYCAATTYMTTTRAGTTT	na	na	na	HICDMED	HIC	C23	MED-D6-C18	na	na	MED-D6-C18
957	AAACGTGA	GTGYCAGCMGCCGCGGTAA	CCGYCAATTYMTTTRAGTTT	na	na	na	HICDMED	HIC	C24	MED-D7-C18	na	na	MED-D7-C18
958	AAACGTGC	GTGYCAGCMGCCGCGGTAA	CCGYCAATTYMTTTRAGTTT	na	na	na	HICDMED	HIC	C25	MED-D8-C18	na	na	MED-D8-C18
959	AAACGTGG	GTGYCAGCMGCCGCGGTAA	CCGYCAATTYMTTTRAGTTT	na	na	na	HICDMED	HIC	C26	MED-D9-C18	na	na	MED-D9-C18
960	AAACGTGT	GTGYCAGCMGCCGCGGTAA	CCGYCAATTYMTTTRAGTTT	na	na	na	HICDMED	HIC	C27	MED-D10-C18	na	na	MED-D10-C18
961	AAACGTTA	GTGYCAGCMGCCGCGGTAA	CCGYCAATTYMTTTRAGTTT	na	na	na	HICDMED	HIC	DIOL	MED-D1-Diol	na	na	MED-D1-Diol
962	AAACGTTC	GTGYCAGCMGCCGCGGTAA	CCGYCAATTYMTTTRAGTTT	na	na	na	HICDMED	HIC	DIOL	MED-D2-Diol	na	na	MED-D2-Diol
963	AAACGTTG	GTGYCAGCMGCCGCGGTAA	CCGYCAATTYMTTTRAGTTT	na	na	na	HICDMED	HIC	DIOL	MED-D3-Diol	na	na	MED-D3-Diol
964	AAACGTTT	GTGYCAGCMGCCGCGGTAA	CCGYCAATTYMTTTRAGTTT	na	na	na	HICDMED	HIC	DIOL	MED-D4-Diol	na	na	MED-D4-Diol
965	AAACTAAA	GTGYCAGCMGCCGCGGTAA	CCGYCAATTYMTTTRAGTTT	na	na	na	HICDMED	HIC	DIOL	MED-D5-Diol	na	na	MED-D5-Diol
966	AAACTAAC	GTGYCAGCMGCCGCGGTAA	CCGYCAATTYMTTTRAGTTT	na	na	na	HICDMED	HIC	DIOL	MED-D6-Diol	na	na	MED-D6-Diol
967	AAACTAAG	GTGYCAGCMGCCGCGGTAA	CCGYCAATTYMTTTRAGTTT	na	na	na	HICDMED	HIC	DIOL	MED-D7-Diol	na	na	MED-D7-Diol
968	AAACTAAT	GTGYCAGCMGCCGCGGTAA	CCGYCAATTYMTTTRAGTTT	na	na	na	HICDMED	HIC	DIOL	MED-D8-Diol	na	na	MED-D8-Diol
969	AAACTACA	GTGYCAGCMGCCGCGGTAA	CCGYCAATTYMTTTRAGTTT	na	na	na	HICDMED	HIC	DIOL	MED-D9-Diol	na	na	MED-D9-Diol
970	AAACTACC	GTGYCAGCMGCCGCGGTAA	CCGYCAATTYMTTTRAGTTT	na	na	na	HICDMED	HIC	DIOL	MED-D10-Diol	na	na	MED-D10-Diol
971	AAAACCGA	GTGYCAGCMGCCGCGGTAA	CCGYCAATTYMTTTRAGTTT	2016	6	14	ININEXAS	INEX	In	318-In	Ascidiacea	Cionaintestinalis	318-In
972	AAACTACG	GTGYCAGCMGCCGCGGTAA	CCGYCAATTYMTTTRAGTTT	2016	6	14	ININEXAS	INEX	Ex	318-Ex	Ascidiacea	Cionaintestinalis	318-Ex
973	AAAACCGG	GTGYCAGCMGCCGCGGTAA	CCGYCAATTYMTTTRAGTTT	2016	6	14	ININEXAS	INEX	In	319-In	Ascidiacea	Cionaintestinalis	319-In
974	AAACTACT	GTGYCAGCMGCCGCGGTAA	CCGYCAATTYMTTTRAGTTT	2016	6	14	ININEXAS	INEX	Ex	319-Ex	Ascidiacea	Cionaintestinalis	319-Ex
975	AAAACCTA	GTGYCAGCMGCCGCGGTAA	CCGYCAATTYMTTTRAGTTT	2016	6	14	ININEXAS	INEX	In	320-In	Ascidiacea	Cionaintestinalis	320-In
976	AAACTAGA	GTGYCAGCMGCCGCGGTAA	CCGYCAATTYMTTTRAGTTT	2016	6	14	ININEXAS	INEX	Ex	320-Ex	Ascidiacea	Cionaintestinalis	320-Ex
977	AAAACCTG	GTGYCAGCMGCCGCGGTAA	CCGYCAATTYMTTTRAGTTT	2016	6	14	ININEXAS	INEX	In	321-In	Ascidiacea	Cionaintestinalis	321-In
978	AAACTAGC	GTGYCAGCMGCCGCGGTAA	CCGYCAATTYMTTTRAGTTT	2016	6	14	ININEXAS	INEX	Ex	321-Ex	Ascidiacea	Cionaintestinalis	321-Ex
979	AAAACGAA	GTGYCAGCMGCCGCGGTAA	CCGYCAATTYMTTTRAGTTT	2016	6	14	ININEXAS	INEX	In	322-In	Ascidiacea	Cionaintestinalis	322-In
980	AAACTAGG	GTGYCAGCMGCCGCGGTAA	CCGYCAATTYMTTTRAGTTT	2016	6	14	ININEXAS	INEX	Ex	322-Ex	Ascidiacea	Cionaintestinalis	322-Ex
981	AAAACGAG	GTGYCAGCMGCCGCGGTAA	CCGYCAATTYMTTTRAGTTT	2016	6	14	ININEXAS	INEX	In	338-In	Ascidiacea	Cionaintestinalis	338-In
982	AAACTAGT	GTGYCAGCMGCCGCGGTAA	CCGYCAATTYMTTTRAGTTT	2016	6	14	ININEXAS	INEX	Ex	338-Ex	Ascidiacea	Cionaintestinalis	338-Ex
983	AAAACGCA	GTGYCAGCMGCCGCGGTAA	CCGYCAATTYMTTTRAGTTT	2016	6	14	ININEXAS	INEX	In	339-In	Ascidiacea	Styelacanopus	339-In
984	AAACTATA	GTGYCAGCMGCCGCGGTAA	CCGYCAATTYMTTTRAGTTT	2016	6	14	ININEXAS	INEX	Ex	339-Ex	Ascidiacea	Styelacanopus	339-Ex
985	AAAACGCG	GTGYCAGCMGCCGCGGTAA	CCGYCAATTYMTTTRAGTTT	2016	6	14	ININEXAS	INEX	In	340-In	Ascidiacea	Styelacanopus	340-In
986	AAACTATC	GTGYCAGCMGCCGCGGTAA	CCGYCAATTYMTTTRAGTTT	2016	6	14	ININEXAS	INEX	Ex	340-Ex	Ascidiacea	Styelacanopus	340-Ex
987	AAACTATG	GTGYCAGCMGCCGCGGTAA	CCGYCAATTYMTTTRAGTTT	2016	6	17	ININEXBI	INEX	In	328-In	Bivalvia	Mytilusedulis	328-In
988	AAACTATT	GTGYCAGCMGCCGCGGTAA	CCGYCAATTYMTTTRAGTTT	2016	6	17	ININEXBI	INEX	Ex	328-Ex	Bivalvia	Mytilusedulis	328-Ex
989	AAACTCAA	GTGYCAGCMGCCGCGGTAA	CCGYCAATTYMTTTRAGTTT	2016	6	17	ININEXBI	INEX	In	329-In	Bivalvia	Mytilusedulis	329-In
990	AAACTCAC	GTGYCAGCMGCCGCGGTAA	CCGYCAATTYMTTTRAGTTT	2016	6	17	ININEXBI	INEX	Ex	329-Ex	Bivalvia	Mytilusedulis	329-Ex
991	AAACTCAG	GTGYCAGCMGCCGCGGTAA	CCGYCAATTYMTTTRAGTTT	2016	6	17	ININEXBI	INEX	In	330-In	Bivalvia	Mytilusedulis	330-In
992	AAACTCAT	GTGYCAGCMGCCGCGGTAA	CCGYCAATTYMTTTRAGTTT	2016	6	17	ININEXBI	INEX	Ex	330-Ex	Bivalvia	Mytilusedulis	330-Ex
993	AAACTCCA	GTGYCAGCMGCCGCGGTAA	CCGYCAATTYMTTTRAGTTT	2016	6	17	ININEXBI	INEX	In	331-In	Bivalvia	Mytilusedulis	331-In
994	AAACTCCC	GTGYCAGCMGCCGCGGTAA	CCGYCAATTYMTTTRAGTTT	2016	6	17	ININEXBI	INEX	Ex	331-Ex	Bivalvia	Mytilusedulis	331-Ex
995	AAACTCCG	GTGYCAGCMGCCGCGGTAA	CCGYCAATTYMTTTRAGTTT	2016	6	16	ININEXBI	INEX	In	332-In	Bivalvia	Mytilusedulis	332-In
996	AAACTCCT	GTGYCAGCMGCCGCGGTAA	CCGYCAATTYMTTTRAGTTT	2016	6	16	ININEXBI	INEX	Ex	332-Ex	Bivalvia	Mytilusedulis	332-Ex
997	AAACTCGA	GTGYCAGCMGCCGCGGTAA	CCGYCAATTYMTTTRAGTTT	2016	6	16	ININEXBI	INEX	In	333-In	Bivalvia	Mytilusedulis	333-In
998	AAACTCGC	GTGYCAGCMGCCGCGGTAA	CCGYCAATTYMTTTRAGTTT	2016	6	16	ININEXBI	INEX	Ex	333-Ex	Bivalvia	Mytilusedulis	333-Ex
999	AAACTCGG	GTGYCAGCMGCCGCGGTAA	CCGYCAATTYMTTTRAGTTT	2016	6	16	ININEXBI	INEX	In	334-In	Bivalvia	Mytilusedulis	334-In
1000	AAAACAAA	GTGYCAGCMGCCGCGGTAA	CCGYCAATTYMTTTRAGTTT	2016	6	16	ININEXBI	INEX	Ex	334-Ex	Bivalvia	Mytilusedulis	334-Ex
1001	AAAACAAC	GTGYCAGCMGCCGCGGTAA	CCGYCAATTYMTTTRAGTTT	2016	6	17	ININEXBI	INEX	In	335-In	Bivalvia	Mytilusedulis	335-In
1002	AAAACAAG	GTGYCAGCMGCCGCGGTAA	CCGYCAATTYMTTTRAGTTT	2016	6	17	ININEXBI	INEX	Ex	335-Ex	Bivalvia	Mytilusedulis	335-Ex
1003	AAAACAAT	GTGYCAGCMGCCGCGGTAA	CCGYCAATTYMTTTRAGTTT	2016	6	18	ININEXBI	INEX	In	336-In	Bivalvia	Mytilusedulis	336-In
1004	AAAACACA	GTGYCAGCMGCCGCGGTAA	CCGYCAATTYMTTTRAGTTT	2016	6	18	ININEXBI	INEX	Ex	336-Ex	Bivalvia	Mytilusedulis	336-Ex
1005	AAAACACC	GTGYCAGCMGCCGCGGTAA	CCGYCAATTYMTTTRAGTTT	2016	6	18	ININEXBI	INEX	In	337-In	Bivalvia	Mytilusedulis	337-In
1006	AAAACACG	GTGYCAGCMGCCGCGGTAA	CCGYCAATTYMTTTRAGTTT	2016	6	18	ININEXBI	INEX	Ex	337-Ex	Bivalvia	Mytilusedulis	337-Ex
1007	AAAACACT	GTGYCAGCMGCCGCGGTAA	CCGYCAATTYMTTTRAGTTT	na	na	na	ININEXPO	INEX	In	0322-In	Hexactinellida	Hetrochonecalyx	0322-In
1008	AAAACAGA	GTGYCAGCMGCCGCGGTAA	CCGYCAATTYMTTTRAGTTT	na	na	na	ININEXPO	INEX	Ex	0334-Ex	Hexactinellida	Hetrochonecalyx	0334-Ex
1009	AAAACAGC	GTGYCAGCMGCCGCGGTAA	CCGYCAATTYMTTTRAGTTT	na	na	na	ININEXPO	INEX	In	0339-In	Hexactinellida	Hetrochonecalyx	0339-In
1010	AAAACAGG	GTGYCAGCMGCCGCGGTAA	CCGYCAATTYMTTTRAGTTT	na	na	na	ININEXPO	INEX	In	0367-In	Hexactinellida	Hetrochonecalyx	0367-In
1011	AAAACAGT	GTGYCAGCMGCCGCGGTAA	CCGYCAATTYMTTTRAGTTT	na	na	na	ININEXPO	INEX	In	0369-In	Hexactinellida	Hetrochonecalyx	0369-In
1012	AAAACATA	GTGYCAGCMGCCGCGGTAA	CCGYCAATTYMTTTRAGTTT	na	na	na	ININEXPO	INEX	In	Y-0177-In	Hexactinellida	Farreaocca	Y-0177-In
1013	AAAACATC	GTGYCAGCMGCCGCGGTAA	CCGYCAATTYMTTTRAGTTT	na	na	na	ININEXPO	INEX	Ex	0183-Ex	Hexactinellida	Farreaocca	0183-Ex
1014	AAAACATG	GTGYCAGCMGCCGCGGTAA	CCGYCAATTYMTTTRAGTTT	na	na	na	ININEXPO	INEX	Ex	0189-Ex	Hexactinellida	Farreaocca	0189-Ex
1015	AAAACATT	GTGYCAGCMGCCGCGGTAA	CCGYCAATTYMTTTRAGTTT	na	na	na	ININEXPO	INEX	In	0199-In	Hexactinellida	Farreaocca	0199-In
1016	AAAACCAA	GTGYCAGCMGCCGCGGTAA	CCGYCAATTYMTTTRAGTTT	na	na	na	ININEXPO	INEX	In	0204-In	Hexactinellida	Farreaocca	0204-In
1017	AAAACCAC	GTGYCAGCMGCCGCGGTAA	CCGYCAATTYMTTTRAGTTT	na	na	na	ININEXPO	INEX	Ex	0219-Ex	Hexactinellida	Farreaocca	0219-Ex
1018	AAAACCAG	GTGYCAGCMGCCGCGGTAA	CCGYCAATTYMTTTRAGTTT	na	na	na	ININEXPO	INEX	In	0220-In	Hexactinellida	Farreaocca	0220-In
1019	AAAACCAT	GTGYCAGCMGCCGCGGTAA	CCGYCAATTYMTTTRAGTTT	na	na	na	ININEXPO	INEX	Ex	0220-Ex	Hexactinellida	Farreaocca	0220-Ex
1020	AAAACCCA	GTGYCAGCMGCCGCGGTAA	CCGYCAATTYMTTTRAGTTT	na	na	na	ININEXPO	INEX	In	0077-In	Hexactinellida	Aphrocallistes	0077-In
1021	AAAACCCC	GTGYCAGCMGCCGCGGTAA	CCGYCAATTYMTTTRAGTTT	na	na	na	ININEXPO	INEX	Ex	0084-Ex	Hexactinellida	Aphrocallistes	0084-Ex
1022	AAAACCCG	GTGYCAGCMGCCGCGGTAA	CCGYCAATTYMTTTRAGTTT	na	na	na	ININEXPO	INEX	Ex	0091-Ex	Hexactinellida	Aphrocallistes	0091-Ex
1023	AAAACCCT	GTGYCAGCMGCCGCGGTAA	CCGYCAATTYMTTTRAGTTT	na	na	na	ININEXPO	INEX	Ex	0143-Ex	Hexactinellida	Hetrochonecalyx	0143-Ex
1024	AAAACCGA	GTGYCAGCMGCCGCGGTAA	CCGYCAATTYMTTTRAGTTT	na	na	na	ININEXPO	INEX	Ex	0150-Ex	Hexactinellida	Hetrochonecalyx	0150-Ex
1025	AAAACCGC	GTGYCAGCMGCCGCGGTAA	CCGYCAATTYMTTTRAGTTT	na	na	na	ININEXPO	INEX	In	0159-In	Hexactinellida	Hetrochonecalyx	0159-In
1026	AAAACCGG	GTGYCAGCMGCCGCGGTAA	CCGYCAATTYMTTTRAGTTT	na	na	na	ININEXPO	INEX	In	0253-In	Hexactinellida	Hetrochonecalyx	0253-In
1027	AAAACCGT	GTGYCAGCMGCCGCGGTAA	CCGYCAATTYMTTTRAGTTT	na	na	na	ININEXPO	INEX	Ex	0272-Ex	Hexactinellida	Hetrochonecalyx	0272-Ex
1028	AAAACCTA	GTGYCAGCMGCCGCGGTAA	CCGYCAATTYMTTTRAGTTT	na	na	na	ININEXPO	INEX	Ex	0269-Ex	Hexactinellida	Hetrochonecalyx	0269-Ex
1029	AAAACCTC	GTGYCAGCMGCCGCGGTAA	CCGYCAATTYMTTTRAGTTT	na	na	na	ININEXPO	INEX	Ex	0300-Ex	Hexactinellida	Hetrochonecalyx	0300-Ex
1030	AAAACCTG	GTGYCAGCMGCCGCGGTAA	CCGYCAATTYMTTTRAGTTT	na	na	na	ININEXPO	INEX	Ex	0304-Ex	Hexactinellida	Hetrochonecalyx	0304-Ex
1031	AAAACCTT	GTGYCAGCMGCCGCGGTAA	CCGYCAATTYMTTTRAGTTT	2015	1	28	PRIME	na	na	A4S	na	na	A4S
1032	AAAACGAA	GTGYCAGCMGCCGCGGTAA	CCGYCAATTYMTTTRAGTTT	2015	1	28	PRIME	na	na	A4D	na	na	A4D
1033	AAAACGAC	GTGYCAGCMGCCGCGGTAA	CCGYCAATTYMTTTRAGTTT	2015	1	28	PRIME	na	na	A1	na	na	A1
1034	AAAACGAG	GTGYCAGCMGCCGCGGTAA	CCGYCAATTYMTTTRAGTTT	2015	1	28	PRIME	na	na	A3S	na	na	A3S
1035	AAAACGAT	GTGYCAGCMGCCGCGGTAA	CCGYCAATTYMTTTRAGTTT	2015	1	28	PRIME	na	na	A3D	na	na	A3D
1036	AAAACGCA	GTGYCAGCMGCCGCGGTAA	CCGYCAATTYMTTTRAGTTT	2015	2	25	PRIME	na	na	A4S	na	na	A4S
1037	AAAACGCC	GTGYCAGCMGCCGCGGTAA	CCGYCAATTYMTTTRAGTTT	2015	2	25	PRIME	na	na	A4D	na	na	A4D
1038	AAAACGCG	GTGYCAGCMGCCGCGGTAA	CCGYCAATTYMTTTRAGTTT	2015	2	25	PRIME	na	na	A1	na	na	A1
1039	AAAACGCT	GTGYCAGCMGCCGCGGTAA	CCGYCAATTYMTTTRAGTTT	2015	2	25	PRIME	na	na	A3S	na	na	A3S
1040	AAAACGGA	GTGYCAGCMGCCGCGGTAA	CCGYCAATTYMTTTRAGTTT	2015	2	25	PRIME	na	na	A3D	na	na	A3D
1041	AAAACGGC	GTGYCAGCMGCCGCGGTAA	CCGYCAATTYMTTTRAGTTT	2015	3	31	PRIME	na	na	A4-S	na	na	A4-S
1042	AAAACGGG	GTGYCAGCMGCCGCGGTAA	CCGYCAATTYMTTTRAGTTT	2015	3	31	PRIME	na	na	A4-D	na	na	A4-D
1043	AAAACGGT	GTGYCAGCMGCCGCGGTAA	CCGYCAATTYMTTTRAGTTT	2015	3	31	PRIME	na	na	A1	na	na	A1
1044	AAAACGTA	GTGYCAGCMGCCGCGGTAA	CCGYCAATTYMTTTRAGTTT	2015	3	31	PRIME	na	na	A3-S	na	na	A3-S
1045	AAAACGTC	GTGYCAGCMGCCGCGGTAA	CCGYCAATTYMTTTRAGTTT	2015	3	31	PRIME	na	na	A3-D	na	na	A3-D
1046	AAAACGTG	GTGYCAGCMGCCGCGGTAA	CCGYCAATTYMTTTRAGTTT	2015	4	29	PRIME	na	na	A4-S	na	na	A4-S
1047	AAAACGTT	GTGYCAGCMGCCGCGGTAA	CCGYCAATTYMTTTRAGTTT	2015	4	29	PRIME	na	na	A4-D	na	na	A4-D
1048	AAAACTAA	GTGYCAGCMGCCGCGGTAA	CCGYCAATTYMTTTRAGTTT	2015	4	29	PRIME	na	na	A1	na	na	A1
1049	AAAACTAC	GTGYCAGCMGCCGCGGTAA	CCGYCAATTYMTTTRAGTTT	2015	4	29	PRIME	na	na	A3-S	na	na	A3-S
1050	AAAACTAG	GTGYCAGCMGCCGCGGTAA	CCGYCAATTYMTTTRAGTTT	2015	4	29	PRIME	na	na	A3-D	na	na	A3-D
1051	AAAACTAT	GTGYCAGCMGCCGCGGTAA	CCGYCAATTYMTTTRAGTTT	2015	5	27	PRIME	na	na	A3-D	na	na	A3-D
1052	AAAACTCA	GTGYCAGCMGCCGCGGTAA	CCGYCAATTYMTTTRAGTTT	2015	5	27	PRIME	na	na	A4-D	na	na	A4-D
1053	AAAACTCC	GTGYCAGCMGCCGCGGTAA	CCGYCAATTYMTTTRAGTTT	2015	5	27	PRIME	na	na	A1	na	na	A1
1054	AAAACTCG	GTGYCAGCMGCCGCGGTAA	CCGYCAATTYMTTTRAGTTT	2015	5	27	PRIME	na	na	A4-S	na	na	A4-S
1055	AAAACTCT	GTGYCAGCMGCCGCGGTAA	CCGYCAATTYMTTTRAGTTT	2015	5	27	PRIME	na	na	A3-S	na	na	A3-S
1056	AAAACTGA	GTGYCAGCMGCCGCGGTAA	CCGYCAATTYMTTTRAGTTT	2015	5	27	PRIME	na	na	A2	na	na	A2
1057	AAAACTGC	GTGYCAGCMGCCGCGGTAA	CCGYCAATTYMTTTRAGTTT	2015	7	1	PRIME	na	na	A4-S	na	na	A4-S
1058	AAAACTGG	GTGYCAGCMGCCGCGGTAA	CCGYCAATTYMTTTRAGTTT	2015	7	1	PRIME	na	na	A4-D	na	na	A4-D
1059	AAAACTGT	GTGYCAGCMGCCGCGGTAA	CCGYCAATTYMTTTRAGTTT	2015	7	1	PRIME	na	na	A1	na	na	A1
1060	AAAACTTA	GTGYCAGCMGCCGCGGTAA	CCGYCAATTYMTTTRAGTTT	2015	7	1	PRIME	na	na	A3-S	na	na	A3-S
1061	AAAACTTC	GTGYCAGCMGCCGCGGTAA	CCGYCAATTYMTTTRAGTTT	2015	7	1	PRIME	na	na	A3-D	na	na	A3-D
1062	AAAACTTG	GTGYCAGCMGCCGCGGTAA	CCGYCAATTYMTTTRAGTTT	2015	7	22	PRIME	na	na	A1	na	na	A1
1063	AAAACTTT	GTGYCAGCMGCCGCGGTAA	CCGYCAATTYMTTTRAGTTT	2015	7	22	PRIME	na	na	A3-S	na	na	A3-S
1064	AAAAGAAA	GTGYCAGCMGCCGCGGTAA	CCGYCAATTYMTTTRAGTTT	2015	7	22	PRIME	na	na	A3-D	na	na	A3-D
1065	AAAAGAAC	GTGYCAGCMGCCGCGGTAA	CCGYCAATTYMTTTRAGTTT	2015	7	22	PRIME	na	na	A4-S	na	na	A4-S
1066	AAAAGAAG	GTGYCAGCMGCCGCGGTAA	CCGYCAATTYMTTTRAGTTT	2015	7	22	PRIME	na	na	A4-D	na	na	A4-D
1067	AAAAGAAT	GTGYCAGCMGCCGCGGTAA	CCGYCAATTYMTTTRAGTTT	2015	9	2	PRIME	na	na	A1	na	na	A1
1068	AAAAGACA	GTGYCAGCMGCCGCGGTAA	CCGYCAATTYMTTTRAGTTT	2015	9	2	PRIME	na	na	A3-S	na	na	A3-S
1069	AAAAGACC	GTGYCAGCMGCCGCGGTAA	CCGYCAATTYMTTTRAGTTT	2015	9	2	PRIME	na	na	A3-D	na	na	A3-D
1070	AAAAGACG	GTGYCAGCMGCCGCGGTAA	CCGYCAATTYMTTTRAGTTT	2015	9	2	PRIME	na	na	A4-S	na	na	A4-S
1071	AAAAGACT	GTGYCAGCMGCCGCGGTAA	CCGYCAATTYMTTTRAGTTT	2015	9	2	PRIME	na	na	A4-D	na	na	A4-D
1072	AAAAGAGA	GTGYCAGCMGCCGCGGTAA	CCGYCAATTYMTTTRAGTTT	2015	10	6	PRIME	na	na	A1	na	na	A1
1073	AAAAGAGC	GTGYCAGCMGCCGCGGTAA	CCGYCAATTYMTTTRAGTTT	2015	10	6	PRIME	na	na	A3-S	na	na	A3-S
1074	AAAAGAGG	GTGYCAGCMGCCGCGGTAA	CCGYCAATTYMTTTRAGTTT	2015	10	6	PRIME	na	na	A3-D	na	na	A3-D
1075	AAAAGAGT	GTGYCAGCMGCCGCGGTAA	CCGYCAATTYMTTTRAGTTT	2015	10	6	PRIME	na	na	A4-S	na	na	A4-S
1076	AAAAGATA	GTGYCAGCMGCCGCGGTAA	CCGYCAATTYMTTTRAGTTT	2015	10	6	PRIME	na	na	A4-D	na	na	A4-D
1077	AAAAGATC	GTGYCAGCMGCCGCGGTAA	CCGYCAATTYMTTTRAGTTT	2015	10	28	PRIME	na	na	A4-S	na	na	A4-S
1078	AAAAGATG	GTGYCAGCMGCCGCGGTAA	CCGYCAATTYMTTTRAGTTT	2015	10	28	PRIME	na	na	A4-S	na	na	A4-S
1079	AAAAGATT	GTGYCAGCMGCCGCGGTAA	CCGYCAATTYMTTTRAGTTT	2015	10	28	PRIME	na	na	A4-D	na	na	A4-D
1080	AAAAGCAA	GTGYCAGCMGCCGCGGTAA	CCGYCAATTYMTTTRAGTTT	2015	10	28	PRIME	na	na	A4-D	na	na	A4-D
1081	AAAAGCAC	GTGYCAGCMGCCGCGGTAA	CCGYCAATTYMTTTRAGTTT	2015	10	28	PRIME	na	na	A3-S	na	na	A3-S
1082	AAAAGCAG	GTGYCAGCMGCCGCGGTAA	CCGYCAATTYMTTTRAGTTT	2015	10	28	PRIME	na	na	A3-S	na	na	A3-S
1083	AAAAGCAT	GTGYCAGCMGCCGCGGTAA	CCGYCAATTYMTTTRAGTTT	2015	10	28	PRIME	na	na	A1	na	na	A1
1084	AAAAGCCA	GTGYCAGCMGCCGCGGTAA	CCGYCAATTYMTTTRAGTTT	2015	10	28	PRIME	na	na	A1	na	na	A1
1085	AAAAGCCC	GTGYCAGCMGCCGCGGTAA	CCGYCAATTYMTTTRAGTTT	2015	10	28	PRIME	na	na	A3-D	na	na	A3-D
1086	AAAAGCCG	GTGYCAGCMGCCGCGGTAA	CCGYCAATTYMTTTRAGTTT	2015	10	28	PRIME	na	na	A3-D	na	na	A3-D
1087	AAAAGCCT	GTGYCAGCMGCCGCGGTAA	CCGYCAATTYMTTTRAGTTT	2015	12	1	PRIME	na	na	A4-S	na	na	A4-S
1088	AAAAGCGA	GTGYCAGCMGCCGCGGTAA	CCGYCAATTYMTTTRAGTTT	2015	12	1	PRIME	na	na	A4-S	na	na	A4-S
1089	AAAAGCGC	GTGYCAGCMGCCGCGGTAA	CCGYCAATTYMTTTRAGTTT	2015	12	1	PRIME	na	na	A4-S	na	na	A4-S
1090	AAAAGCGG	GTGYCAGCMGCCGCGGTAA	CCGYCAATTYMTTTRAGTTT	2015	12	1	PRIME	na	na	A4-D	na	na	A4-D
1091	AAAAGCGT	GTGYCAGCMGCCGCGGTAA	CCGYCAATTYMTTTRAGTTT	2015	12	1	PRIME	na	na	A1	na	na	A1
1092	AAAAGCTA	GTGYCAGCMGCCGCGGTAA	CCGYCAATTYMTTTRAGTTT	2015	12	1	PRIME	na	na	A3-S	na	na	A3-S
1093	AAAAGCTC	GTGYCAGCMGCCGCGGTAA	CCGYCAATTYMTTTRAGTTT	2015	12	1	PRIME	na	na	A3-D	na	na	A3-D
1094	AAAAGCTG	GTGYCAGCMGCCGCGGTAA	CCGYCAATTYMTTTRAGTTT	2015	12	23	PRIME	na	na	A4-D	na	na	A4-D
1095	AAAAGCTT	GTGYCAGCMGCCGCGGTAA	CCGYCAATTYMTTTRAGTTT	2015	12	23	PRIME	na	na	A4-S	na	na	A4-S
1096	AAAAGGAA	GTGYCAGCMGCCGCGGTAA	CCGYCAATTYMTTTRAGTTT	2015	12	23	PRIME	na	na	A3-S	na	na	A3-S
1097	AAAAGGAC	GTGYCAGCMGCCGCGGTAA	CCGYCAATTYMTTTRAGTTT	2015	12	23	PRIME	na	na	A1	na	na	A1
1098	AAAAGGAG	GTGYCAGCMGCCGCGGTAA	CCGYCAATTYMTTTRAGTTT	2016	1	27	PRIME	na	na	A1	na	na	A1
1099	AAAAGGAT	GTGYCAGCMGCCGCGGTAA	CCGYCAATTYMTTTRAGTTT	2016	1	27	PRIME	na	na	A3-S	na	na	A3-S
1100	AAAAGGCA	GTGYCAGCMGCCGCGGTAA	CCGYCAATTYMTTTRAGTTT	2016	1	27	PRIME	na	na	A3-D	na	na	A3-D
1101	AAAAGGCC	GTGYCAGCMGCCGCGGTAA	CCGYCAATTYMTTTRAGTTT	2016	1	27	PRIME	na	na	A4-S	na	na	A4-S
1102	AAAAGGCG	GTGYCAGCMGCCGCGGTAA	CCGYCAATTYMTTTRAGTTT	2016	1	27	PRIME	na	na	A4-D	na	na	A4-D
1103	AAAAGGCT	GTGYCAGCMGCCGCGGTAA	CCGYCAATTYMTTTRAGTTT	2016	2	24	PRIME	na	na	A1	na	na	A1
1104	AAAAGGGA	GTGYCAGCMGCCGCGGTAA	CCGYCAATTYMTTTRAGTTT	2016	2	24	PRIME	na	na	A3D	na	na	A3D
1105	AAAAGGGC	GTGYCAGCMGCCGCGGTAA	CCGYCAATTYMTTTRAGTTT	2016	2	24	PRIME	na	na	A3S	na	na	A3S
1106	AAAAGGGG	GTGYCAGCMGCCGCGGTAA	CCGYCAATTYMTTTRAGTTT	2016	2	24	PRIME	na	na	A4S	na	na	A4S
1107	AAAAGGGT	GTGYCAGCMGCCGCGGTAA	CCGYCAATTYMTTTRAGTTT	2016	2	24	PRIME	na	na	A4D	na	na	A4D
1108	AAAAGGTA	GTGYCAGCMGCCGCGGTAA	CCGYCAATTYMTTTRAGTTT	2016	3	23	PRIME	na	na	A1	na	na	A1
1109	AAAAGGTC	GTGYCAGCMGCCGCGGTAA	CCGYCAATTYMTTTRAGTTT	2016	3	23	PRIME	na	na	A3S	na	na	A3S
1110	AAAAGGTG	GTGYCAGCMGCCGCGGTAA	CCGYCAATTYMTTTRAGTTT	2016	3	23	PRIME	na	na	A3D	na	na	A3D
1111	AAAAGGTT	GTGYCAGCMGCCGCGGTAA	CCGYCAATTYMTTTRAGTTT	2016	3	23	PRIME	na	na	A4S	na	na	A4S
1112	AAAAGTAA	GTGYCAGCMGCCGCGGTAA	CCGYCAATTYMTTTRAGTTT	2016	3	23	PRIME	na	na	A4D	na	na	A4D
1113	AAAAGTAC	GTGYCAGCMGCCGCGGTAA	CCGYCAATTYMTTTRAGTTT	2016	4	20	PRIME	na	na	A1	na	na	A1
1114	AAAAGTAG	GTGYCAGCMGCCGCGGTAA	CCGYCAATTYMTTTRAGTTT	2016	4	20	PRIME	na	na	A3S	na	na	A3S
1115	AAAAGTAT	GTGYCAGCMGCCGCGGTAA	CCGYCAATTYMTTTRAGTTT	2016	4	20	PRIME	na	na	A3D	na	na	A3D
1116	AAAAGTCA	GTGYCAGCMGCCGCGGTAA	CCGYCAATTYMTTTRAGTTT	2016	5	25	PRIME	na	na	A1	na	na	A1
1117	AAAAGTCC	GTGYCAGCMGCCGCGGTAA	CCGYCAATTYMTTTRAGTTT	2016	5	25	PRIME	na	na	A3S	na	na	A3S
1118	AAAAGTCG	GTGYCAGCMGCCGCGGTAA	CCGYCAATTYMTTTRAGTTT	2016	5	25	PRIME	na	na	A3D	na	na	A3D
1119	AAAAGTCT	GTGYCAGCMGCCGCGGTAA	CCGYCAATTYMTTTRAGTTT	2016	5	25	PRIME	na	na	A4D	na	na	A4D
1120	AAAAGTGA	GTGYCAGCMGCCGCGGTAA	CCGYCAATTYMTTTRAGTTT	2016	5	25	PRIME	na	na	A4S	na	na	A4S
1121	AAAAGTGC	GTGYCAGCMGCCGCGGTAA	CCGYCAATTYMTTTRAGTTT	2016	6	29	PRIME	na	na	A4S	na	na	A4S
1122	AAAAGTGG	GTGYCAGCMGCCGCGGTAA	CCGYCAATTYMTTTRAGTTT	2016	6	29	PRIME	na	na	A4D	na	na	A4D
1123	AAAAGTGT	GTGYCAGCMGCCGCGGTAA	CCGYCAATTYMTTTRAGTTT	2016	6	29	PRIME	na	na	A1	na	na	A1
1124	AAAAGTTA	GTGYCAGCMGCCGCGGTAA	CCGYCAATTYMTTTRAGTTT	2016	6	29	PRIME	na	na	A3S	na	na	A3S
1125	AAAAGTTC	GTGYCAGCMGCCGCGGTAA	CCGYCAATTYMTTTRAGTTT	2016	6	29	PRIME	na	na	A3D	na	na	A3D
1126	AAAAGTTG	GTGYCAGCMGCCGCGGTAA	CCGYCAATTYMTTTRAGTTT	2016	7	27	PRIME	na	na	A1	na	na	A1
1127	AAAAGTTT	GTGYCAGCMGCCGCGGTAA	CCGYCAATTYMTTTRAGTTT	2016	7	27	PRIME	na	na	A3S	na	na	A3S
1128	AAAATAAA	GTGYCAGCMGCCGCGGTAA	CCGYCAATTYMTTTRAGTTT	2016	7	27	PRIME	na	na	A3D	na	na	A3D
1129	AAAATAAC	GTGYCAGCMGCCGCGGTAA	CCGYCAATTYMTTTRAGTTT	2016	7	27	PRIME	na	na	A4S	na	na	A4S
1130	AAAATAAG	GTGYCAGCMGCCGCGGTAA	CCGYCAATTYMTTTRAGTTT	2016	7	27	PRIME	na	na	A4D	na	na	A4D
1131	AAAACAAA	GTGYCAGCMGCCGCGGTAA	CCGYCAATTYMTTTRAGTTT	2017	2	7	RECO	SIZEF	5um	5um-a	na	na	5um-a
1132	AAAACAAG	GTGYCAGCMGCCGCGGTAA	CCGYCAATTYMTTTRAGTTT	2017	2	7	RECO	SIZEF	5um	5um-b	na	na	5um-b
1133	AAAACACA	GTGYCAGCMGCCGCGGTAA	CCGYCAATTYMTTTRAGTTT	2017	2	7	RECO	SIZEF	5um	5um-c	na	na	5um-c
1134	AAAACACG	GTGYCAGCMGCCGCGGTAA	CCGYCAATTYMTTTRAGTTT	2017	2	7	RECO	SIZEF	5um	5um-d	na	na	5um-d
1135	AAAACAGA	GTGYCAGCMGCCGCGGTAA	CCGYCAATTYMTTTRAGTTT	2017	2	7	RECO	SIZEF	1um	1um-a	na	na	1um-a
1136	AAAACAGG	GTGYCAGCMGCCGCGGTAA	CCGYCAATTYMTTTRAGTTT	2017	2	7	RECO	SIZEF	1um	1um-b	na	na	1um-b
1137	AAAACATA	GTGYCAGCMGCCGCGGTAA	CCGYCAATTYMTTTRAGTTT	2017	2	7	RECO	SIZEF	1um	1um-c	na	na	1um-c
1138	AAAACATG	GTGYCAGCMGCCGCGGTAA	CCGYCAATTYMTTTRAGTTT	2017	2	7	RECO	SIZEF	1um	1um-d	na	na	1um-d
1139	AAAACCAA	GTGYCAGCMGCCGCGGTAA	CCGYCAATTYMTTTRAGTTT	2017	2	7	RECO	SIZEF	1um	02um-a	na	na	02um-a
1140	AAAACCAG	GTGYCAGCMGCCGCGGTAA	CCGYCAATTYMTTTRAGTTT	2017	2	7	RECO	SIZEF	1um	02um-b	na	na	02um-b
1141	AAAACCCA	GTGYCAGCMGCCGCGGTAA	CCGYCAATTYMTTTRAGTTT	2017	2	7	RECO	SIZEF	02um	02um-c	na	na	02um-c
1142	AAAACCCG	GTGYCAGCMGCCGCGGTAA	CCGYCAATTYMTTTRAGTTT	2017	2	7	RECO	SIZEF	02um	02um-d	na	na	02um-d
1143	AAAATAAT	GTGYCAGCMGCCGCGGTAA	CCGYCAATTYMTTTRAGTTT	2015	12	17	RECO	HIC	B4	SW1-before	na	na	SW1-before
1144	AAAATACA	GTGYCAGCMGCCGCGGTAA	CCGYCAATTYMTTTRAGTTT	2015	12	17	RECO	HIC	C18	SW1-C18	na	na	SW1-C18
1145	AAAATACC	GTGYCAGCMGCCGCGGTAA	CCGYCAATTYMTTTRAGTTT	2015	12	17	RECO	HIC	DIOL	SW1-Diol	na	na	SW1-Diol
1146	AAAATACG	GTGYCAGCMGCCGCGGTAA	CCGYCAATTYMTTTRAGTTT	2015	12	17	RECO	HIC	B4	SW2-before	na	na	SW2-before
1147	AAAATACT	GTGYCAGCMGCCGCGGTAA	CCGYCAATTYMTTTRAGTTT	2015	12	17	RECO	HIC	C18	SW2-C18	na	na	SW2-C18
1148	AAAATAGA	GTGYCAGCMGCCGCGGTAA	CCGYCAATTYMTTTRAGTTT	2015	12	17	RECO	HIC	DIOL	SW2-Diol	na	na	SW2-Diol
1149	AAAATAGC	GTGYCAGCMGCCGCGGTAA	CCGYCAATTYMTTTRAGTTT	2015	12	17	RECO	HIC	C18	SW3-C18	na	na	SW3-C18
1150	AAAATAGG	GTGYCAGCMGCCGCGGTAA	CCGYCAATTYMTTTRAGTTT	2015	12	17	RECO	HIC	DIOL	SW3-Diol	na	na	SW3-Diol
1151	AAAATAGT	GTGYCAGCMGCCGCGGTAA	CCGYCAATTYMTTTRAGTTT	2015	12	17	RECO	HIC	C18	SW4-C18	na	na	SW4-C18
1152	AAAATATA	GTGYCAGCMGCCGCGGTAA	CCGYCAATTYMTTTRAGTTT	2015	12	17	RECO	HIC	DIOL	SW4-Diol	na	na	SW4-Diol